<?xml version="1.0" encoding="utf-8"?>
<odoo>
     <data noupdate="1">
        <!-- secuencia para el numero de control en factura -->
        <record id="sequence_l10n_ve_document_number" model="ir.sequence">
            <field name="name">Numero de control</field>
            <field name="code">account.move.document.number</field>
            <field name="implementation">no_gap</field>
            <field name="prefix">00-</field>
            <field name="padding">6</field>
            <field name="number_next">1</field>
            <field name="number_increment">1</field>
            <field name="company_id" eval="False"/>
        </record>
    </data>
</odoo>