<?xml version="1.0" encoding="utf-8"?>
<odoo>
    <data noupdate="1">

        <!-- Account Tax Group -->
        <record id="tax_group_iva_16" model="account.tax.group">
            <field name="name">IVA 16%</field>
        </record>

        <!-- Account Taxes -->
        <record id="tax16sale" model="account.tax">
        <field name="name">IVA (16.0%) ventas</field>
        <field name="description">IVA (16.0%) ventas</field>
        <field name="amount">16</field>
        <field name="amount_type">percent</field>
        <field name="type_tax_use">sale</field>
        <field name="tax_group_id" ref="tax_group_iva_16"/>
        <field name="invoice_repartition_line_ids" eval="[(5, 0, 0),
            (0,0, {
                'factor_percent': 100,
                'repartition_type': 'base',
            }),
            (0,0, {
                'factor_percent': 100,
                'repartition_type': 'tax',
                'account_id': ref('l10n_ve.account_activa_account_2172003'),
            }),
        ]"/>
        <field name="refund_repartition_line_ids" eval="[(5, 0, 0),
            (0,0, {
                'factor_percent': 100,
                'repartition_type': 'base',
            }),
            (0,0, {
                'factor_percent': 100,
                'repartition_type': 'tax',
                'account_id': ref('l10n_ve.account_activa_account_2172003'),
            }),
        ]"/>
    </record>
        <record id="tax16purchase" model="account.tax">
        <field name="name">IVA (16.0%) compras</field>
        <field name="description">IVA (16.0%) compras</field>
        <field name="amount">16</field>
        <field name="amount_type">percent</field>
        <field name="type_tax_use">purchase</field>
        <field name="tax_group_id" ref="tax_group_iva_16"/>
        <field name="invoice_repartition_line_ids" eval="[(5, 0, 0),
            (0,0, {
                'factor_percent': 100,
                'repartition_type': 'base',
            }),
            (0,0, {
                'factor_percent': 100,
                'repartition_type': 'tax',
                'account_id': ref('l10n_ve.account_activa_account_1151004'),
            }),
        ]"/>
        <field name="refund_repartition_line_ids" eval="[(5, 0, 0),
            (0,0, {
                'factor_percent': 100,
                'repartition_type': 'base',
            }),
            (0,0, {
                'factor_percent': 100,
                'repartition_type': 'tax',
                'account_id': ref('l10n_ve.account_activa_account_1151004'),
            }),
        ]"/>
    </record>

    </data>
</odoo>